Glucose,BloodPressure,BMI,Age,Diabetes
85,66,26.6,31,0
89,70,28.1,29,0
120,80,33.6,45,1
140,90,35.2,50,1
95,72,27.5,28,0
180,88,38.5,55,1
150,85,36.8,48,1
102,68,25.3,30,0
130,78,34.2,44,1
99,74,29.5,35,0
160,86,37.4,52,1
88,65,24.8,27,0
145,84,35.9,49,1
92,70,26.2,32,0
170,90,39.1,58,1
110,76,30.8,37,0
155,82,36.5,47,1
97,72,28.7,34,0
165,88,38.0,53,1
100,75,29.1,36,0
125,80,32.5,42,1
135,82,34.8,46,1
90,68,27.0,30,0
175,92,40.2,60,1
105,74,30.1,38,0
115,78,31.5,40,0
185,94,41.0,61,1
108,76,29.8,39,0
158,84,37.0,51,1
112,77,31.2,41,0