Message,Category
"Win a free iPhone now",Spam
"Congratulations you won a lottery",Spam
"Claim your free prize",Spam
"Limited time offer click now",Spam
"Earn money quickly",Spam
"Meeting is scheduled tomorrow",Not Spam
"Project report submitted",Not Spam
"Please attend the seminar",Not Spam
"Happy Birthday have a nice day",Not Spam
"Let's have lunch tomorrow",Not Spam
"Exclusive discount available",Spam
"Free movie tickets",Spam
"Update your bank details",Spam
"Your parcel has been delivered",Not Spam
"Team meeting at 10 AM",Not Spam
"Your interview is scheduled",Not Spam
"Click here to claim reward",Spam
"Invoice attached",Not Spam
"Important project discussion",Not Spam
"Congratulations claim your cash prize",Spam