Age,BloodPressure,Cholesterol,MaxHeartRate,ChestPain,HeartDisease
25,120,180,170,0,0
30,125,190,165,0,0
35,130,200,160,0,0
40,135,210,155,1,1
45,140,220,150,1,1
50,145,230,145,1,1
55,150,240,140,1,1
60,155,250,135,1,1
28,118,185,172,0,0
32,128,195,168,0,0
38,132,205,158,0,0
42,138,215,152,1,1
48,142,225,148,1,1
53,148,235,143,1,1
58,152,245,138,1,1
62,160,255,130,1,1
36,129,198,162,0,0
44,141,218,149,1,1
52,147,232,144,1,1
59,154,248,136,1,1
27,122,182,169,0,0
33,127,192,166,0,0
39,134,208,157,1,1
46,143,223,147,1,1
51,146,231,142,1,1
57,151,243,139,1,1
61,158,252,133,1,1
29,121,188,171,0,0
41,137,214,153,1,1
49,144,228,146,1,1