study_time,attendance,previous_marks,assignment_score,performance
2,60,45,50,Fail
3,65,50,55,Fail
4,70,55,60,Fail
5,75,60,65,Pass
6,80,65,70,Pass
7,85,70,75,Pass
8,90,80,85,Pass
1,50,40,45,Fail
4,72,58,62,Fail
5,78,65,70,Pass
6,82,72,75,Pass
3,68,52,58,Fail
7,88,78,82,Pass
2,55,42,48,Fail
8,95,88,90,Pass
4,75,60,68,Pass
5,70,55,60,Fail
6,85,75,80,Pass
3,62,48,52,Fail
7,92,85,88,Pass
2,58,44,50,Fail
5,80,68,72,Pass
4,65,50,55,Fail
8,90,82,85,Pass
6,77,70,74,Pass
3,60,45,50,Fail
7,86,76,80,Pass
5,73,62,65,Pass
2,52,40,45,Fail
8,94,90,92,Pass